{
  "name": {
    "precision": 1.0,
    "recall": 1.0,
    "f1-score": 1.0,
    "support": 1
  },
  "email": {
    "precision": 1.0,
    "recall": 1.0,
    "f1-score": 1.0,
    "support": 16
  },
  "username": {
    "precision": 1.0,
    "recall": 0.9767441860465116,
    "f1-score": 0.988235294117647,
    "support": 43
  },
  "micro avg": {
    "precision": 1.0,
    "recall": 0.9833333333333333,
    "f1-score": 0.9915966386554621,
    "support": 60
  },
  "macro avg": {
    "precision": 1.0,
    "recall": 0.9922480620155039,
    "f1-score": 0.996078431372549,
    "support": 60
  },
  "weighted avg": {
    "precision": 1.0,
    "recall": 0.9833333333333333,
    "f1-score": 0.9915686274509804,
    "support": 60
  }
}